subject_id,filename,dimensions,dtype,min_value,max_value,png_path
OAS1_0001_MR1,OAS1_0001_MR1_mpr_n4_anon_111_t88_gfc.img,"(176, 208, 176)",float64,0.0,3910.0,/Users/angelorlandopena/Documents/GenoBit/Investigación/NueroImaging/OASIS/output/OAS1_0001_MR1_axial.png
OAS1_0002_MR1,OAS1_0002_MR1_mpr_n4_anon_111_t88_gfc.img,"(176, 208, 176)",float64,0.0,3365.0,/Users/angelorlandopena/Documents/GenoBit/Investigación/NueroImaging/OASIS/output/OAS1_0002_MR1_axial.png
OAS1_0003_MR1,OAS1_0003_MR1_mpr_n4_anon_111_t88_gfc.img,"(176, 208, 176)",float64,0.0,3868.0,/Users/angelorlandopena/Documents/GenoBit/Investigación/NueroImaging/OASIS/output/OAS1_0003_MR1_axial.png
OAS1_0004_MR1,OAS1_0004_MR1_mpr_n4_anon_111_t88_gfc.img,"(176, 208, 176)",float64,0.0,3864.0,/Users/angelorlandopena/Documents/GenoBit/Investigación/NueroImaging/OASIS/output/OAS1_0004_MR1_axial.png
OAS1_0005_MR1,OAS1_0005_MR1_mpr_n4_anon_111_t88_gfc.img,"(176, 208, 176)",float64,0.0,3779.0,/Users/angelorlandopena/Documents/GenoBit/Investigación/NueroImaging/OASIS/output/OAS1_0005_MR1_axial.png
OAS1_0006_MR1,OAS1_0006_MR1_mpr_n4_anon_111_t88_gfc.img,"(176, 208, 176)",float64,0.0,3543.0,/Users/angelorlandopena/Documents/GenoBit/Investigación/NueroImaging/OASIS/output/OAS1_0006_MR1_axial.png
OAS1_0007_MR1,OAS1_0007_MR1_mpr_n3_anon_111_t88_gfc.img,"(176, 208, 176)",float64,0.0,3826.0,/Users/angelorlandopena/Documents/GenoBit/Investigación/NueroImaging/OASIS/output/OAS1_0007_MR1_axial.png
OAS1_0009_MR1,OAS1_0009_MR1_mpr_n4_anon_111_t88_gfc.img,"(176, 208, 176)",float64,0.0,3966.0,/Users/angelorlandopena/Documents/GenoBit/Investigación/NueroImaging/OASIS/output/OAS1_0009_MR1_axial.png
OAS1_0010_MR1,OAS1_0010_MR1_mpr_n4_anon_111_t88_gfc.img,"(176, 208, 176)",float64,0.0,4044.0,/Users/angelorlandopena/Documents/GenoBit/Investigación/NueroImaging/OASIS/output/OAS1_0010_MR1_axial.png
OAS1_0011_MR1,OAS1_0011_MR1_mpr_n4_anon_111_t88_gfc.img,"(176, 208, 176)",float64,0.0,3869.0,/Users/angelorlandopena/Documents/GenoBit/Investigación/NueroImaging/OASIS/output/OAS1_0011_MR1_axial.png
OAS1_0012_MR1,OAS1_0012_MR1_mpr_n4_anon_111_t88_gfc.img,"(176, 208, 176)",float64,0.0,3665.0,/Users/angelorlandopena/Documents/GenoBit/Investigación/NueroImaging/OASIS/output/OAS1_0012_MR1_axial.png
OAS1_0013_MR1,OAS1_0013_MR1_mpr_n4_anon_111_t88_gfc.img,"(176, 208, 176)",float64,0.0,4038.0,/Users/angelorlandopena/Documents/GenoBit/Investigación/NueroImaging/OASIS/output/OAS1_0013_MR1_axial.png
OAS1_0014_MR1,OAS1_0014_MR1_mpr_n4_anon_111_t88_gfc.img,"(176, 208, 176)",float64,0.0,3940.0,/Users/angelorlandopena/Documents/GenoBit/Investigación/NueroImaging/OASIS/output/OAS1_0014_MR1_axial.png
OAS1_0015_MR1,OAS1_0015_MR1_mpr_n3_anon_111_t88_gfc.img,"(176, 208, 176)",float64,0.0,3638.0,/Users/angelorlandopena/Documents/GenoBit/Investigación/NueroImaging/OASIS/output/OAS1_0015_MR1_axial.png
OAS1_0016_MR1,OAS1_0016_MR1_mpr_n3_anon_111_t88_gfc.img,"(176, 208, 176)",float64,0.0,3546.0,/Users/angelorlandopena/Documents/GenoBit/Investigación/NueroImaging/OASIS/output/OAS1_0016_MR1_axial.png
OAS1_0017_MR1,OAS1_0017_MR1_mpr_n4_anon_111_t88_gfc.img,"(176, 208, 176)",float64,0.0,3385.0,/Users/angelorlandopena/Documents/GenoBit/Investigación/NueroImaging/OASIS/output/OAS1_0017_MR1_axial.png
OAS1_0018_MR1,OAS1_0018_MR1_mpr_n4_anon_111_t88_gfc.img,"(176, 208, 176)",float64,0.0,3442.0,/Users/angelorlandopena/Documents/GenoBit/Investigación/NueroImaging/OASIS/output/OAS1_0018_MR1_axial.png
OAS1_0019_MR1,OAS1_0019_MR1_mpr_n4_anon_111_t88_gfc.img,"(176, 208, 176)",float64,0.0,3525.0,/Users/angelorlandopena/Documents/GenoBit/Investigación/NueroImaging/OASIS/output/OAS1_0019_MR1_axial.png
OAS1_0020_MR1,OAS1_0020_MR1_mpr_n3_anon_111_t88_gfc.img,"(176, 208, 176)",float64,0.0,3965.0,/Users/angelorlandopena/Documents/GenoBit/Investigación/NueroImaging/OASIS/output/OAS1_0020_MR1_axial.png
OAS1_0021_MR1,OAS1_0021_MR1_mpr_n4_anon_111_t88_gfc.img,"(176, 208, 176)",float64,0.0,3806.0,/Users/angelorlandopena/Documents/GenoBit/Investigación/NueroImaging/OASIS/output/OAS1_0021_MR1_axial.png
OAS1_0022_MR1,OAS1_0022_MR1_mpr_n4_anon_111_t88_gfc.img,"(176, 208, 176)",float64,0.0,3380.0,/Users/angelorlandopena/Documents/GenoBit/Investigación/NueroImaging/OASIS/output/OAS1_0022_MR1_axial.png
OAS1_0023_MR1,OAS1_0023_MR1_mpr_n4_anon_111_t88_gfc.img,"(176, 208, 176)",float64,0.0,4713.0,/Users/angelorlandopena/Documents/GenoBit/Investigación/NueroImaging/OASIS/output/OAS1_0023_MR1_axial.png
OAS1_0025_MR1,OAS1_0025_MR1_mpr_n4_anon_111_t88_gfc.img,"(176, 208, 176)",float64,0.0,3597.0,/Users/angelorlandopena/Documents/GenoBit/Investigación/NueroImaging/OASIS/output/OAS1_0025_MR1_axial.png
OAS1_0026_MR1,OAS1_0026_MR1_mpr_n3_anon_111_t88_gfc.img,"(176, 208, 176)",float64,0.0,3845.0,/Users/angelorlandopena/Documents/GenoBit/Investigación/NueroImaging/OASIS/output/OAS1_0026_MR1_axial.png
OAS1_0027_MR1,OAS1_0027_MR1_mpr_n4_anon_111_t88_gfc.img,"(176, 208, 176)",float64,0.0,3997.0,/Users/angelorlandopena/Documents/GenoBit/Investigación/NueroImaging/OASIS/output/OAS1_0027_MR1_axial.png
OAS1_0028_MR1,OAS1_0028_MR1_mpr_n4_anon_111_t88_gfc.img,"(176, 208, 176)",float64,0.0,3770.0,/Users/angelorlandopena/Documents/GenoBit/Investigación/NueroImaging/OASIS/output/OAS1_0028_MR1_axial.png
OAS1_0029_MR1,OAS1_0029_MR1_mpr_n4_anon_111_t88_gfc.img,"(176, 208, 176)",float64,0.0,3715.0,/Users/angelorlandopena/Documents/GenoBit/Investigación/NueroImaging/OASIS/output/OAS1_0029_MR1_axial.png
OAS1_0030_MR1,OAS1_0030_MR1_mpr_n4_anon_111_t88_gfc.img,"(176, 208, 176)",float64,0.0,3954.0,/Users/angelorlandopena/Documents/GenoBit/Investigación/NueroImaging/OASIS/output/OAS1_0030_MR1_axial.png
OAS1_0031_MR1,OAS1_0031_MR1_mpr_n4_anon_111_t88_gfc.img,"(176, 208, 176)",float64,0.0,4097.0,/Users/angelorlandopena/Documents/GenoBit/Investigación/NueroImaging/OASIS/output/OAS1_0031_MR1_axial.png
OAS1_0032_MR1,OAS1_0032_MR1_mpr_n4_anon_111_t88_gfc.img,"(176, 208, 176)",float64,0.0,4205.0,/Users/angelorlandopena/Documents/GenoBit/Investigación/NueroImaging/OASIS/output/OAS1_0032_MR1_axial.png
OAS1_0033_MR1,OAS1_0033_MR1_mpr_n4_anon_111_t88_gfc.img,"(176, 208, 176)",float64,0.0,3819.0,/Users/angelorlandopena/Documents/GenoBit/Investigación/NueroImaging/OASIS/output/OAS1_0033_MR1_axial.png
OAS1_0034_MR1,OAS1_0034_MR1_mpr_n3_anon_111_t88_gfc.img,"(176, 208, 176)",float64,0.0,4238.0,/Users/angelorlandopena/Documents/GenoBit/Investigación/NueroImaging/OASIS/output/OAS1_0034_MR1_axial.png
OAS1_0035_MR1,OAS1_0035_MR1_mpr_n4_anon_111_t88_gfc.img,"(176, 208, 176)",float64,0.0,3820.0,/Users/angelorlandopena/Documents/GenoBit/Investigación/NueroImaging/OASIS/output/OAS1_0035_MR1_axial.png
OAS1_0037_MR1,OAS1_0037_MR1_mpr_n4_anon_111_t88_gfc.img,"(176, 208, 176)",float64,0.0,3181.0,/Users/angelorlandopena/Documents/GenoBit/Investigación/NueroImaging/OASIS/output/OAS1_0037_MR1_axial.png
OAS1_0038_MR1,OAS1_0038_MR1_mpr_n3_anon_111_t88_gfc.img,"(176, 208, 176)",float64,0.0,4134.0,/Users/angelorlandopena/Documents/GenoBit/Investigación/NueroImaging/OASIS/output/OAS1_0038_MR1_axial.png
OAS1_0039_MR1,OAS1_0039_MR1_mpr_n3_anon_111_t88_gfc.img,"(176, 208, 176)",float64,0.0,3917.0,/Users/angelorlandopena/Documents/GenoBit/Investigación/NueroImaging/OASIS/output/OAS1_0039_MR1_axial.png
OAS1_0040_MR1,OAS1_0040_MR1_mpr_n4_anon_111_t88_gfc.img,"(176, 208, 176)",float64,0.0,3148.0,/Users/angelorlandopena/Documents/GenoBit/Investigación/NueroImaging/OASIS/output/OAS1_0040_MR1_axial.png
OAS1_0041_MR1,OAS1_0041_MR1_mpr_n4_anon_111_t88_gfc.img,"(176, 208, 176)",float64,0.0,3305.0,/Users/angelorlandopena/Documents/GenoBit/Investigación/NueroImaging/OASIS/output/OAS1_0041_MR1_axial.png
OAS1_0042_MR1,OAS1_0042_MR1_mpr_n4_anon_111_t88_gfc.img,"(176, 208, 176)",float64,0.0,3842.0,/Users/angelorlandopena/Documents/GenoBit/Investigación/NueroImaging/OASIS/output/OAS1_0042_MR1_axial.png
